Workbook

Sheet REGISTRATION REPORT
A1: STUDENT REGISTRATION REPORT
A2: ID | B2: NAME | C2: COURSE | D2: GENDER | E2: AGE | F2: AGE GROUP | G2: DATE
A3: 1 | B3: CHIDI OBI | C3: DATA ANALYSIS | D3: MALE | E3: 20 | F3: =IF(E3<=22,"20-22",IF(E3<=25,"23-25","26-28")) -> 20-22 | G3: 46027
A4: 2 | B4: AMAKE OKAFOR | C4: WEB DEVELOPMENT | D4: FEMALE | E4: 21 | F4: =IF(E4<=22,"20-22",IF(E4<=25,"23-25","26-28")) -> 20-22 | G4: 46086
A5: 3 | B5: SEUN AJIBOLA | C5: DIGITAL MARKETING | D5: MALE | E5: 24 | F5: =IF(E5<=22,"20-22",IF(E5<=25,"23-25","26-28")) -> 23-25 | G5: 46270
A6: 4 | B6: NANA HAWA | C6: DATA ANALYSIS | D6: FEMALE | E6: 25 | F6: =IF(E6<=22,"20-22",IF(E6<=25,"23-25","26-28")) -> 23-25 | G6: 46117
A7: 5 | B7: MIKE OPARA | C7: FRONT END DEVELOPER | D7: MALE | E7: 23 | F7: =IF(E7<=22,"20-22",IF(E7<=25,"23-25","26-28")) -> 23-25 | G7: 46086
A8: 6 | B8: OKE PAUL | C8: BACK END DEVELOPER | D8: MALE | E8: 20 | F8: =IF(E8<=22,"20-22",IF(E8<=25,"23-25","26-28")) -> 20-22 | G8: 46117
A9: 7 | B9: JOHN PAUL | C9: UI/UX DESIGN | D9: MALE | E9: 22 | F9: =IF(E9<=22,"20-22",IF(E9<=25,"23-25","26-28")) -> 20-22 | G9: 46147
A10: 8 | B10: DORCAS OJO | C10: VIDEO EDITOR | D10: FEMALE | E10: 26 | F10: =IF(E10<=22,"20-22",IF(E10<=25,"23-25","26-28")) -> 26-28 | G10: 46147
A11: 9 | B11: CHIOMA IGWE | C11: DATA ANALYSIS | D11: FEMALE | E11: 27 | F11: =IF(E11<=22,"20-22",IF(E11<=25,"23-25","26-28")) -> 26-28 | G11: 46058
A12: 10 | B12: BOLA BELLO | C12: FRONT END DEVELOPER | D12: FEMALE | E12: 23 | F12: =IF(E12<=22,"20-22",IF(E12<=25,"23-25","26-28")) -> 23-25 | G12: 46239
A13: 11 | B13: SAMUEL SMITH | C13: UI/UX DESIGN | D13: MALE | E13: 21 | F13: =IF(E13<=22,"20-22",IF(E13<=25,"23-25","26-28")) -> 20-22 | G13: 46208
A14: 12 | B14: JERRY KUDABO | C14: DATA ANALYSIS | D14: MALE | E14: 22 | F14: =IF(E14<=22,"20-22",IF(E14<=25,"23-25","26-28")) -> 20-22 | G14: 46208
... A42: 40 | B42: NGOZI NWANKWO | C42: VIRTUAL ASSISTANT | D42: FEMALE | E42: 20 | F42: =IF(E42<=22,"20-22",IF(E42<=25,"23-25","26-28")) -> 20-22 | G42: 46270

Sheet PIVOT TABLE
A3: Count of ID | B3: Column Labels
A4: Row Labels | B4: FEMALE | C4: MALE | D4: Grand Total
A5: DATA ANALYSIS | B5: 3 | C5: 8 | D5: 11
A6: VIDEO EDITOR | B6: 4 | C6: 1 | D6: 5
A7: FRONT END DEVELOPER | B7: 2 | C7: 3 | D7: 5
A8: WEB DEVELOPMENT | B8: 2 | C8: 2 | D8: 4
A9: VIRTUAL ASSISTANT | B9: 2 | C9: 2 | D9: 4
A10: BACK END DEVELOPER | B10: 1 | C10: 3 | D10: 4
A11: DIGITAL MARKETING | B11: 2 | C11: 2 | D11: 4
A12: UI/UX DESIGN | C12: 3 | D12: 3
A13: Grand Total | B13: 16 | C13: 24 | D13: 40

Sheet COURSE COUNT ANALYSIS
A1: COURSE COUNT ANALYSIS
A2: S/N | B2: COURSE | C2: COURSE COUNT | D2: % OF COURSE COUNT | E2: RANK OF COURSE
A3: 1 | B3: DATA ANALYSIS | C3: =COUNTIF('REGISTRATION REPORT'!$C:$C, B3) -> 11 | D3: =C3/$C$11*100 -> 27.5 | E3: =RANK(C3,$C$3:$C$10,0) -> 1
A4: 2 | B4: FRONT END DEVELOPER | C4: =COUNTIF('REGISTRATION REPORT'!$C:$C, B4) -> 5 | D4: =C4/$C$11*100 -> 12.5 | E4: =RANK(C4,$C$3:$C$10,0) -> 2
A5: 3 | B5: VIDEO EDITOR | C5: =COUNTIF('REGISTRATION REPORT'!$C:$C, B5) -> 5 | D5: =C5/$C$11*100 -> 12.5 | E5: =RANK(C5,$C$3:$C$10,0) -> 2
A6: 4 | B6: BACK END DEVELOPER | C6: =COUNTIF('REGISTRATION REPORT'!$C:$C, B6) -> 4 | D6: =C6/$C$11*100 -> 10 | E6: =RANK(C6,$C$3:$C$10,0) -> 4
A7: 5 | B7: DIGITAL MARKETING | C7: =COUNTIF('REGISTRATION REPORT'!$C:$C, B7) -> 4 | D7: =C7/$C$11*100 -> 10 | E7: =RANK(C7,$C$3:$C$10,0) -> 4
A8: 6 | B8: WEB DEVELOPMENT | C8: =COUNTIF('REGISTRATION REPORT'!$C:$C, B8) -> 4 | D8: =C8/$C$11*100 -> 10 | E8: =RANK(C8,$C$3:$C$10,0) -> 4
A9: 7 | B9: VIRTUAL ASSISTANT | C9: =COUNTIF('REGISTRATION REPORT'!$C:$C, B9) -> 4 | D9: =C9/$C$11*100 -> 10 | E9: =RANK(C9,$C$3:$C$10,0) -> 4
A10: 8 | B10: UI/UX DESIGN | C10: =COUNTIF('REGISTRATION REPORT'!$C:$C, B10) -> 3 | D10: =C10/$C$11*100 -> 7.5 | E10: =RANK(C10,$C$3:$C$10,0) -> 8
B11: TOTAL | C11: =SUM(C3:C10) -> 40 | D11: =C11/$C$11*100 -> 100

Sheet GENDER ANALYSIS
A1: GENDER SUMMARY
A2: S/N | B2: COURSE | C2: MALE | D2: FEMALE | E2: % MALE | F2: % FEMALE
A3: 1 | B3: DATA ANALYSIS | C3: =COUNTIFS('REGISTRATION REPORT'!C:C,B3,'REGISTRATION REPORT'!D:D,"MALE") -> 8 | D3: =COUNTIFS('REGISTRATION REPORT'!C:C,B3,'REGISTRATION REPORT'!D:D,"FEMALE") -> 3 | E3: =C3/C11*100 -> 33.333333 | F3: =D3/$D$11*100 -> 18.75
A4: 2 | B4: FRONT END DEVELOPER | C4: =COUNTIFS('REGISTRATION REPORT'!C:C,B4,'REGISTRATION REPORT'!D:D,"MALE") -> 3 | D4: =COUNTIFS('REGISTRATION REPORT'!C:C,B4,'REGISTRATION REPORT'!D:D,"FEMALE") -> 2 | E4: =C4/C11*100 -> 12.5 | F4: =D4/$D$11*100 -> 12.5
A5: 3 | B5: VIDEO EDITOR | C5: =COUNTIFS('REGISTRATION REPORT'!C:C,B5,'REGISTRATION REPORT'!D:D,"MALE") -> 1 | D5: =COUNTIFS('REGISTRATION REPORT'!C:C,B5,'REGISTRATION REPORT'!D:D,"FEMALE") -> 4 | E5: =C5/C11*100 -> 4.1666667 | F5: =D5/$D$11*100 -> 25
A6: 4 | B6: BACK END DEVELOPER | C6: =COUNTIFS('REGISTRATION REPORT'!C:C,B6,'REGISTRATION REPORT'!D:D,"MALE") -> 3 | D6: =COUNTIFS('REGISTRATION REPORT'!C:C,B6,'REGISTRATION REPORT'!D:D,"FEMALE") -> 1 | E6: =C6/C11*100 -> 12.5 | F6: =D6/$D$11*100 -> 6.25
A7: 5 | B7: DIGITAL MARKETING | C7: =COUNTIFS('REGISTRATION REPORT'!C:C,B7,'REGISTRATION REPORT'!D:D,"MALE") -> 2 | D7: =COUNTIFS('REGISTRATION REPORT'!C:C,B7,'REGISTRATION REPORT'!D:D,"FEMALE") -> 2 | E7: =C7/C11*100 -> 8.3333333 | F7: =D7/$D$11*100 -> 12.5
A8: 6 | B8: WEB DEVELOPMENT | C8: =COUNTIFS('REGISTRATION REPORT'!C:C,B8,'REGISTRATION REPORT'!D:D,"MALE") -> 2 | D8: =COUNTIFS('REGISTRATION REPORT'!C:C,B8,'REGISTRATION REPORT'!D:D,"FEMALE") -> 2 | E8: =C8/C11*100 -> 8.3333333 | F8: =D8/$D$11*100 -> 12.5
A9: 7 | B9: VIRTUAL ASSISTANT | C9: =COUNTIFS('REGISTRATION REPORT'!C:C,B9,'REGISTRATION REPORT'!D:D,"MALE") -> 2 | D9: =COUNTIFS('REGISTRATION REPORT'!C:C,B9,'REGISTRATION REPORT'!D:D,"FEMALE") -> 2 | E9: =C9/C11*100 -> 8.3333333 | F9: =D9/$D$11*100 -> 12.5
A10: 8 | B10: UI/UX DESIGN | C10: =COUNTIFS('REGISTRATION REPORT'!C:C,B10,'REGISTRATION REPORT'!D:D,"MALE") -> 3 | D10: =COUNTIFS('REGISTRATION REPORT'!C:C,B10,'REGISTRATION REPORT'!D:D,"FEMALE") -> 0 | E10: =C10/C11*100 -> 12.5 | F10: =D10/$D$11*100 -> 0
B11: TOTAL | C11: =SUM(C3:C10) -> 24 | D11: =SUM(D3:D10) -> 16 | E11: =SUM(E3:E10) -> 100 | F11: =SUM(F3:F10) -> 100

Sheet AGE ANALYSIS
A1: AGE ANALYSIS REPORT
A2: S/N | B2: AGE | C2: AGE COUNT | D2: % OF AGE COUNT | E2: MALE | F2: FEMALE
A3: 1 | B3: 20 | C3: =COUNTIF('REGISTRATION REPORT'!E3:E42,B3) -> 6 | D3: =C3/SUM($C$3:$C$11)*100 -> 15 | E3: =COUNTIFS('REGISTRATION REPORT'!E3:E42,B3,'REGISTRATION REPORT'!D3:D42,"MALE") -> 3 | F3: =COUNTIFS('REGISTRATION REPORT'!E3:E42,B3,'REGISTRATION REPORT'!D3:D42,"FEMALE") -> 3
A4: 2 | B4: 21 | C4: =COUNTIF('REGISTRATION REPORT'!E3:E42,B4) -> 5 | D4: =C4/SUM($C$3:$C$11)*100 -> 12.5 | E4: =COUNTIFS('REGISTRATION REPORT'!E3:E42,B4,'REGISTRATION REPORT'!D3:D42,"MALE") -> 2 | F4: =COUNTIFS('REGISTRATION REPORT'!E3:E42,B4,'REGISTRATION REPORT'!D3:D42,"FEMALE") -> 3
A5: 3 | B5: 22 | C5: =COUNTIF('REGISTRATION REPORT'!E3:E42,B5) -> 5 | D5: =C5/SUM($C$3:$C$11)*100 -> 12.5 | E5: =COUNTIFS('REGISTRATION REPORT'!E3:E42,B5,'REGISTRATION REPORT'!D3:D42,"MALE") -> 4 | F5: =COUNTIFS('REGISTRATION REPORT'!E3:E42,B5,'REGISTRATION REPORT'!D3:D42,"FEMALE") -> 1
A6: 4 | B6: 23 | C6: =COUNTIF('REGISTRATION REPORT'!E3:E42,B6) -> 6 | D6: =C6/SUM($C$3:$C$11)*100 -> 15 | E6: =COUNTIFS('REGISTRATION REPORT'!E3:E42,B6,'REGISTRATION REPORT'!D3:D42,"MALE") -> 4 | F6: =COUNTIFS('REGISTRATION REPORT'!E3:E42,B6,'REGISTRATION REPORT'!D3:D42,"FEMALE") -> 2
A7: 5 | B7: 24 | C7: =COUNTIF('REGISTRATION REPORT'!E3:E42,B7) -> 5 | D7: =C7/SUM($C$3:$C$11)*100 -> 12.5 | E7: =COUNTIFS('REGISTRATION REPORT'!E3:E42,B7,'REGISTRATION REPORT'!D3:D42,"MALE") -> 4 | F7: =COUNTIFS('REGISTRATION REPORT'!E3:E42,B7,'REGISTRATION REPORT'!D3:D42,"FEMALE") -> 1
A8: 6 | B8: 25 | C8: =COUNTIF('REGISTRATION REPORT'!E3:E42,B8) -> 4 | D8: =C8/SUM($C$3:$C$11)*100 -> 10 | E8: =COUNTIFS('REGISTRATION REPORT'!E3:E42,B8,'REGISTRATION REPORT'!D3:D42,"MALE") -> 3 | F8: =COUNTIFS('REGISTRATION REPORT'!E3:E42,B8,'REGISTRATION REPORT'!D3:D42,"FEMALE") -> 1
A9: 7 | B9: 26 | C9: =COUNTIF('REGISTRATION REPORT'!E3:E42,B9) -> 4 | D9: =C9/SUM($C$3:$C$11)*100 -> 10 | E9: =COUNTIFS('REGISTRATION REPORT'!E3:E42,B9,'REGISTRATION REPORT'!D3:D42,"MALE") -> 1 | F9: =COUNTIFS('REGISTRATION REPORT'!E3:E42,B9,'REGISTRATION REPORT'!D3:D42,"FEMALE") -> 3
A10: 8 | B10: 27 | C10: =COUNTIF('REGISTRATION REPORT'!E3:E42,B10) -> 4 | D10: =C10/SUM($C$3:$C$11)*100 -> 10 | E10: =COUNTIFS('REGISTRATION REPORT'!E3:E42,B10,'REGISTRATION REPORT'!D3:D42,"MALE") -> 2 | F10: =COUNTIFS('REGISTRATION REPORT'!E3:E42,B10,'REGISTRATION REPORT'!D3:D42,"FEMALE") -> 2
A11: 9 | B11: 28 | C11: =COUNTIF('REGISTRATION REPORT'!E3:E42,B11) -> 1 | D11: =C11/SUM($C$3:$C$11)*100 -> 2.5 | E11: =COUNTIFS('REGISTRATION REPORT'!E3:E42,B11,'REGISTRATION REPORT'!D3:D42,"MALE") -> 1 | F11: =COUNTIFS('REGISTRATION REPORT'!E3:E42,B11,'REGISTRATION REPORT'!D3:D42,"FEMALE") -> 0
B12: TOTAL | C12: =SUM(C3:C11) -> 40 | D12: =SUM(D3:D11) -> 100 | E12: =SUM(E3:E11) -> 24 | F12: =SUM(F3:F11) -> 16
A15: AGE GROUP SUMMARY TABLE
A16: S/N | B16: AGE GROUP | C16: AGE GROUP COUNT | D16: % OF AGE GRP COUNT
A17: 1 | B17: 20-22 | C17: =COUNTIFS('REGISTRATION REPORT'!E3:E42,">="&20,'REGISTRATION REPORT'!E3:E42,"<="&22) -> 16 | D17: =C17/SUM($C$17:$C$19)*100 -> 40
A18: 2 | B18: 23-25 | C18: =COUNTIFS('REGISTRATION REPORT'!E3:E42,">="&23,'REGISTRATION REPORT'!E3:E42,"<="&25) -> 15 | D18: =C18/SUM($C$17:$C$19)*100 -> 37.5
A19: 3 | B19: 26-28 | C19: =COUNTIFS('REGISTRATION REPORT'!E3:E42,">="&26,'REGISTRATION REPORT'!E3:E42,"<="&28) -> 9 | D19: =C19/SUM($C$17:$C$19)*100 -> 22.5
B20: TOTAL | C20: =SUM(C17:C19) -> 40 | D20: =C20/SUM($C$17:$C$19)*100 -> 100
B22: AVERAGE AGE
B23: =AVERAGE('REGISTRATION REPORT'!E3:E42) -> 23.325

Sheet LOOKUP ANALYSIS
A1: STUDENT LOOKUP SYSTEM
A2: ENTER STUDENT ID | B2: 17
A4: STUDENT NAME | B4: =IFERROR(VLOOKUP($B$2,'REGISTRATION REPORT'!$A$3:$G$42,2,FALSE),"Student Not Found") -> KUNLE THOMAS
A5: COURSE | B5: =IFERROR(VLOOKUP($B$2,'REGISTRATION REPORT'!$A$3:$G$42,3,FALSE),"Student Not Found") -> VIRTUAL ASSISTANT
A6: GENDER | B6: =IFERROR(VLOOKUP($B$2,'REGISTRATION REPORT'!$A$3:$G$42,4,FALSE),"Student Not Found") -> MALE
A7: AGE | B7: =IFERROR(VLOOKUP($B$2,'REGISTRATION REPORT'!$A$2:$F$41,5,FALSE),"Student Not Found") -> 27
A8: AGE GROUP | B8: =IFERROR(VLOOKUP($B$2,'REGISTRATION REPORT'!$A$3:$G$42,6,FALSE),"Student Not Found") -> 26-28
A9: DATE | B9: =IFERROR(TEXT(VLOOKUP($B$2,'REGISTRATION REPORT'!$A$3:$G$42,7,FALSE),"MM-DD-YYYY"),"Student Not Found") -> 05-05-2026
A12: HLOOKUP — COURSE ENROLLMENT FINDER
B14: DATA ANALYSIS | C14: FRONT END DEVELOPER | D14: VIDEO EDITOR | E14: BACK END DEVELOPER | F14: DIGITAL MARKETING | G14: WEB DEVELOPMENT | H14: VIRTUAL ASSISTANT | I14: UI/UX DESIGN
A15: COUNT | B15: =COUNTIF('REGISTRATION REPORT'!$C$3:$C$42,B14) -> 11 | C15: =COUNTIF('REGISTRATION REPORT'!$C$3:$C$42,C14) -> 5 | D15: =COUNTIF('REGISTRATION REPORT'!$C$3:$C$42,D14) -> 5 | E15: =COUNTIF('REGISTRATION REPORT'!$C$3:$C$42,E14) -> 4 | F15: =COUNTIF('REGISTRATION REPORT'!$C$3:$C$42,F14) -> 4 | G15: =COUNTIF('REGISTRATION REPORT'!$C$3:$C$42,G14) -> 4 | H15: =COUNTIF('REGISTRATION REPORT'!$C$3:$C$42,H14) -> 4 | I15: =COUNTIF('REGISTRATION REPORT'!$C$3:$C$42,I14) -> 3
A16: MALE | B16: =COUNTIFS('REGISTRATION REPORT'!$C$3:$C$42,B14,'REGISTRATION REPORT'!$D$3:$D$42,"MALE") -> 8 | C16: =COUNTIFS('REGISTRATION REPORT'!$C$3:$C$42,C14,'REGISTRATION REPORT'!$D$3:$D$42,"MALE") -> 3 | D16: =COUNTIFS('REGISTRATION REPORT'!$C$3:$C$42,D14,'REGISTRATION REPORT'!$D$3:$D$42,"MALE") -> 1 | E16: =COUNTIFS('REGISTRATION REPORT'!$C$3:$C$42,E14,'REGISTRATION REPORT'!$D$3:$D$42,"MALE") -> 3 | F16: =COUNTIFS('REGISTRATION REPORT'!$C$3:$C$42,F14,'REGISTRATION REPORT'!$D$3:$D$42,"MALE") -> 2 | G16: =COUNTIFS('REGISTRATION REPORT'!$C$3:$C$42,G14,'REGISTRATION REPORT'!$D$3:$D$42,"MALE") -> 2 | H16: =COUNTIFS('REGISTRATION REPORT'!$C$3:$C$42,H14,'REGISTRATION REPORT'!$D$3:$D$42,"MALE") -> 2 | I16: =COUNTIFS('REGISTRATION REPORT'!$C$3:$C$42,I14,'REGISTRATION REPORT'!$D$3:$D$42,"MALE") -> 3
A17: FEMALE | B17: =COUNTIFS('REGISTRATION REPORT'!$C$3:$C$42,B14,'REGISTRATION REPORT'!$D$3:$D$42,"FEMALE") -> 3 | C17: =COUNTIFS('REGISTRATION REPORT'!$C$3:$C$42,C14,'REGISTRATION REPORT'!$D$3:$D$42,"FEMALE") -> 2 | D17: =COUNTIFS('REGISTRATION REPORT'!$C$3:$C$42,D14,'REGISTRATION REPORT'!$D$3:$D$42,"FEMALE") -> 4 | E17: =COUNTIFS('REGISTRATION REPORT'!$C$3:$C$42,E14,'REGISTRATION REPORT'!$D$3:$D$42,"FEMALE") -> 1 | F17: =COUNTIFS('REGISTRATION REPORT'!$C$3:$C$42,F14,'REGISTRATION REPORT'!$D$3:$D$42,"FEMALE") -> 2 | G17: =COUNTIFS('REGISTRATION REPORT'!$C$3:$C$42,G14,'REGISTRATION REPORT'!$D$3:$D$42,"FEMALE") -> 2 | H17: =COUNTIFS('REGISTRATION REPORT'!$C$3:$C$42,H14,'REGISTRATION REPORT'!$D$3:$D$42,"FEMALE") -> 2 | I17: =COUNTIFS('REGISTRATION REPORT'!$C$3:$C$42,I14,'REGISTRATION REPORT'!$D$3:$D$42,"FEMALE") -> 0
A19: ENTER COURSE NAME | B19: VIDEO EDITOR
A20: TOTAL ENROLLED: | B20: =IFERROR(HLOOKUP($B$19,$B$14:$I$15,2,FALSE),"Course Not Found") -> 5
A21: MALE COUNT: | B21: =IFERROR(HLOOKUP($B$19,$B$14:$I$16,3,FALSE),"Course Not Found") -> 1
A22: FEMALE COUNT: | B22: =IFERROR(HLOOKUP($B$19,$B$14:$I$17,4,FALSE),"Course Not Found") -> 4
A25: XLOOKUP — SEARCH BY STUDENT NAME
A27: ENTER STUDENT NAME: | B27: PETER OKOYE
A29: STUDENT ID | B29: =IFERROR(INDEX('REGISTRATION REPORT'!$A$3:$A$42,MATCH($B$27,'REGISTRATION REPORT'!$B$3:$B$42,0)),"Student Not Found") -> 30
A30: COURSE | B30: =IFERROR(INDEX('REGISTRATION REPORT'!$C$3:$C$42,MATCH($B$27,'REGISTRATION REPORT'!$B$3:$B$42,0)),"Student Not Found") -> DATA ANALYSIS
A31: GENDER | B31: =IFERROR(INDEX('REGISTRATION REPORT'!$D$3:$D$42,MATCH($B$27,'REGISTRATION REPORT'!$B$3:$B$42,0)),"Student Not Found") -> MALE
A32: AGE | B32: =IFERROR(INDEX('REGISTRATION REPORT'!$E$3:$E$42,MATCH($B$27,'REGISTRATION REPORT'!$B$3:$B$42,0)),"Student Not Found") -> 26
A33: AGE GROUP | B33: =IFERROR(INDEX('REGISTRATION REPORT'!$F$3:$F$42,MATCH($B$27,'REGISTRATION REPORT'!$B$3:$B$42,0)),"Student Not Found") -> 26-28
A34: DATE | B34: =IFERROR(TEXT(INDEX('REGISTRATION REPORT'!$G$3:$G$42,MATCH($B$27,'REGISTRATION REPORT'!$B$3:$B$42,0)),"MM-DD-YYYY"),"Student Not Found") -> 04-05-2026

Sheet DASHBOARD
A1: STUDENT REGISTRATION DASHBOARD
B3: TOTAL STUDENTS | D3: MOST POPULAR COURSE | F3: % OF FEMALE | H3: % OF MALE | J3: AVERAGE AGE
B4: =COUNTA([1]Sheet1!A3:A42) -> 40 | D4: =INDEX('COURSE COUNT ANALYSIS'!B3:B10,MATCH(MAX('COURSE COUNT ANALYSIS'!C3:C10),'COURSE COUNT ANALYSIS'!C3:C10,0)) -> DATA ANALYSIS | F4: =COUNTIF('REGISTRATION REPORT'!D3:D42,"FEMALE")/COUNTA('REGISTRATION REPORT'!D3:D42)*100 -> 40 | H4: =COUNTIF('REGISTRATION REPORT'!D3:D42,"MALE")/COUNTA('REGISTRATION REPORT'!D3:D42)*100 -> 60 | J4: =AVERAGE('REGISTRATION REPORT'!E3:E42) -> 23.325
B7: DATE | C7: COUNT
B8: 46027 | C8: =COUNTIFS('REGISTRATION REPORT'!G3:G42,B8) -> 3
B9: 46058 | C9: =COUNTIFS('REGISTRATION REPORT'!G3:G42,B9) -> 4
B10: 46086 | C10: =COUNTIFS('REGISTRATION REPORT'!G3:G42,B10) -> 6
B11: 46117 | C11: =COUNTIFS('REGISTRATION REPORT'!G3:G42,B11) -> 7
B12: 46147 | C12: =COUNTIFS('REGISTRATION REPORT'!G3:G42,B12) -> 8
B13: 46178 | C13: =COUNTIFS('REGISTRATION REPORT'!G3:G42,B13) -> 2
B14: 46208 | C14: =COUNTIFS('REGISTRATION REPORT'!G3:G42,B14) -> 4
B15: 46239 | C15: =COUNTIFS('REGISTRATION REPORT'!G3:G42,B15) -> 3
B16: 46270 | C16: =COUNTIFS('REGISTRATION REPORT'!G2:G42,B16) -> 3

Sheet EXECUTIVE SUMMARY
B2: STUDENT REGISTRATION — EXECUTIVE SUMMARY
B5: OVERVIEW
B6: A total of 40 students registered across 8 courses between 1st to 9th of May 2026
B9: KEY FINDING 1
B10: DATA ANALYSIS is the most popular course with 11 registrations representing 27.5% of total enrollment
B13: KEY FINDING 2
B14: Male students make up 60% of enrollment with 24 registered compared to 16 female students at 40%
B17: KEY FINDING 3
B18: Students aged 20 to 24 represent the largest age group making up 68% of all registrations
B21: KEY FINDING 4
B22: The average age of registered students is 23.3 years with the youngest being 20 and oldest being 28
B25: KEY FINDING 5
... B30: Open additional Data Analysis cohorts, increase female outreach programs and target marketing at students aged 20 to 24
